Variable;Format;Name;Values;Type / Indicator;Computation / Comment;Operator;;;;
;;;;;;;;;;
SYSTEM;;;;;;;;;;
;;;;;;;;;;
created_date;Date;Datum der Registration;dd.mm.yyyy;;;;;;;
$O_LOGIN_FREQ;Number;Anzahl Logins in den Coach;0-999999;;Var +1;plus;;;;
$O_LOGIN_DATE;Date;Letzter Login in den Coach;dd.mm.yyyy;;;;;;;
$O_LOGIN_LAPSE;Number;Zeit seit letztem Login;0-n;;NOW-$O_LOGIN_DATE;;;;;
;;;;;;;;;;
$O_SESSION_COUNTER;Number;Bereits Sessions durchgef체hrt (>0);1-n;;Z채hler;endSession;;;;
$O_SESSION_[XY]_FREQ;Number;Session bereits durchgef체hrt (>0);1-n;;Z채hler;endSession;;;;
$O_SESSION_[XY]_MEDIAN;Number;Durchschnittliche Session-Dauer;0-60;;Median mit Outlier-Korrektur (check);;;;;
$O_SESSION_[XY]_DATE;Date;Letzte Session-Durchf체hrung;dd.mm.yyyy;Item;;endSession;;;;
$O_SESSION_[XY]_LASTSTART;Date;Letzter Session-Start;dd.mm.yyyy;Item;;;;;;
$O_SESSION_[XY]_LASTEND;Date;Letzte Session-Ende;dd.mm.yyyy;Item;;;;;;
;;;;;;;;;;
$O_COMPANY_ID;String (?);Registration via spezifische Landingpage / anderweitiger Switch;Text;;z.B. Visana, kann auch im Backend definiert werden;;;;;
;;;;;;;;;;
$CPO_CONTEXT;Number;Auspr채gung des Kontexts;1-100;;;;;;;
$CPO_PROCESS;Number;Auspr채gung des Prozesses;1-100;;;;;;;
$CPO_OUTCOME;Number;Auspr채gung der Outcomes;1-100;;;;;;;
;;;;;;;;;;
$O_JOURNEY;Number;Schritt, in dem man die letzte Session absolvierte;0-6;Item;;;;;;
$O_JOURNEY_NAME;String;Name des Schritts;Text;Item;;;;;;
$O_Journey1;Number;Journey 1 abgeschlossen (1);1/0;Item;Kleinschreibung!;;;;;
$O_Journey2;Number;Journey 2 abgeschlossen (1);1/0;Item;Kleinschreibung!;;;;;
$O_Journey3;Number;Journey 3 abgeschlossen (1);1/0;Item;Kleinschreibung!;;;;;
$O_Journey4;Number;Journey 4 abgeschlossen (1);1/0;Item;Kleinschreibung!;;;;;
$O_Journey5;Number;Journey 5 abgeschlossen (1);1/0;Item;Kleinschreibung!;;;;;
$O_Journey6;Number;Journey 6 abgeschlossen (1);1/0;Item;Kleinschreibung!;;;;;
;;;;;;;;;;
$O_PAYCHECK_V;Number;Gratis (0), Lifetime (1), Pay-on-Demand (2), Studie (3);0-3;Item;;;;;;
$O_PAY_SELECT;Number;Freischaltung beantragt (1);01. Feb;Item;;;;;;
$O_TESTCHECK;Number;Session geblockt f체r Bau;1/0;Item;;;;;;
;;;;;;;;;;
$O_LAST_SESSION_ID;Code;ID der zuletzt gestarteten Session;SessionXN;Item;;beginSession;;;;
$O_LAST_SESSION_ID_END;Code;ID der zuletzt absolvierten Session;SessionXN;Item;;endSession;;;;
$O_LAST_SESSION_NAME;Code;Name der zuletzt gestarteten Session;Text;Item;;beginSession;;;;
$O_LAST_SESSION_NAME_END;Code;Name der zuletzt absolvierten Session;Text;Item;;endSession;;;;
$O_LAST_SESSION_COMPLETED;Number;Session absolviert (1);1/0;Item;Filter;endSession / set;;;;
$O_LAST_SESSION_PAUSED;Number;Session pausert (1);1/0;Item;Filter;endSession / set;;;;
$O_LAST_SESSION_MESSAGE_PAUSE;Code;Letzte Message-ID bei Pausierung;X-YNNN;Item;;;;;;
$O_LAST_SESSION_MESSAGE;Code;Letzte Message-ID;X-YNNN;Item;;;;;;
;;;;;;;;;;
$MONITORfullLink;Link;Link zur Befragungsseite;Text;Item;;;;;;
$MONITORfullStart;Date;Start-Datum der aktuellen Team-Befragung;dd.mm.yyyy;Item;;;;;;
$MONITORfullStop;Date;Stop-Datum der aktuellen Team-Befragung;dd.mm.yyyy;Item;;;;;;
$MONITORfullStopValid;Date;Stop-Datum der letzten g체ltigen Befragung;dd.mm.yyyy;Item;mit mehr als 1 Teilnehmer;;;;;
$MONITORfullN;Number;Anzahl Teilnehmende an der Team-Befragung;0-n;;;calcMonitorVars: MONITORfull;;;;
$MONITORfullVN;Number;Vollst채ndigkeit der Antworten (ungen체gend, gen체gend, sehr gut);01. M둹;;1=eine Skala weniger als drei g체ltige Antworten / 2 = alle 체ber drei / 3 = alle wie N;;;;;
$MONITORfullPCT;Number;R체cklaufquote der aktuellen Team-Befragung;0-100;;anhand von $C_001 berechnet;calcMonitorVars: MONITORfull;;;;
$MONITORfullTitle;String;Titel der aktuellen Team-Befragung;Text;Item;;;;;;
$MONITORfullTimeLag;Number;Letzte Team-Befragung l채nger her (>180);0-n;Item;$MonitorTimeLag = $MonitorFullStop - NOW;minus_date;;;;
$MONITORfullVoucher;Number;Zur Verf체gung stehende Team-Befragungen;0-x;Item;;;;;;
$MONITORfullCounter;Number;Bereits Team-Befragungen durchgef체hrt (>0);1-n;Item;Z채hler;;;;;
$isMONITORfullRunning;Number;Zeitfenster der Team-Befragung offen (1);1/0;Item;;;;;;
$isMONITORfullActive;Number;Neue Team-Befragung gestartet (1);1/0;Item;;;;;;
;;;;;;;;;;
$Q_F001_N;Number;"G체ltige Anzahl Antworten (ohne ""keine Antwort"")";0-n;Item;;calcMonitorVars: MONITORfull;;;;
$Q_F002_N;Number;"G체ltige Anzahl Antworten (ohne ""keine Antwort"")";0-n;Item;;calcMonitorVars: MONITORfull;;;;
$Q_S006_N;Number;"G체ltige Anzahl Antworten (ohne ""keine Antwort"")";0-n;Item;;calcMonitorVars: MONITORfull;;;;
$Q_S091_N;Number;"G체ltige Anzahl Antworten (ohne ""keine Antwort"")";0-n;Item;;calcMonitorVars: MONITORfull;;;;
$Q_S037_N;Number;"G체ltige Anzahl Antworten (ohne ""keine Antwort"")";0-n;Item;;calcMonitorVars: MONITORfull;;;;
;;;;;;;;;;
$QC_ESStart;Date;Start-Datum des aktuellen Quick-Checks;dd.mm.yyyy;Item;;;;;;
$QC_ESStop;Date;Stop-Datum des aktuellen Quick-Checks;dd.mm.yyyy;Item;;;;;;
$QC_ESStopValid;Date;Stop-Datum des letzten g체ltigen Quick-Checks;dd.mm.yyyy;Item;;;;;;
$QC_ESN;Number;Anzahl Teilnehmende am aktuellen Quick-Check;0-n;Item;;calcMonitorVars: QC_ES;;;;
$QC_ESPCT;Number;R체cklaufquote des aktuellen Quick-Checks;0-100;Item;;calcMonitorVars: QC_ES;;;;
$QC_ESTitle;String;Titel des aktuellen Quick-Checks;Text;Item;;;;;;
$QC_ESTimeLag;Number;Letzter Quick-Check l채nger her (>30);0-n;Item;;;;;;
$QC_ESCounter;Number;Bereits Quick-Checks durchgef체hrt (>0);1-n;Item;;;;;;
$isQC_ESRunning;Number;Zeitfenster des Quick-Checks offen (1);1/0;Item;;;;;;
$isQC_ESActive;Number;Neuen Quick-Check gestartet (1);1/0;Item;;;;;;
$isQC_ESActive_rep;Number;Einmaliger (1) oder wiederholter (2) Quick-Check;01. Feb;Item;;;;;;
;;;;;;;;;;
$QC_COStart;Date;Start-Datum des aktuellen Controllings;dd.mm.yyyy;Item;;;;;;
$QC_COStop;Date;Stop-Datum des aktuellen Controllings;dd.mm.yyyy;Item;;;;;;
$QC_COStopValid;Date;Stop-Datum des letzten g체ltigen Controllings;dd.mm.yyyy;Item;;;;;;
$QC_CON;Number;Anzahl Teilnehmende am aktuellen Controlling;0-n;Item;;calcMonitorVars: QC_ES;;;;
$QC_COPCT;Number;R체cklaufquote des aktuellen Controllings;0-100;Item;;calcMonitorVars: QC_ES;;;;
$QC_COTitle;String;Titel des aktuellen Controllings;Text;Item;;;;;;
$QC_COTimeLag;Number;Letztes Controlling l채nger her (>30);0-n;Item;;;;;;
$QC_COCounter;Number;Bereits Controllings durchgef체hrt (>0);1-n;Item;;;;;;
$isQC_CORunning;Number;Zeitfenster des Controllings offen (1);1/0;Item;;;;;;
$isQC_COActive;Number;Neues Controlling gestartet (1);1/0;Item;;;;;;
;;;;;;;;;;
$QC_EFStart;Date;Start-Datum der aktuellen Wirkungsumfrage;dd.mm.yyyy;Item;;;;;;
$QC_EFStop;Date;Stop-Datum der aktuellen Wirkungsumfrage;dd.mm.yyyy;Item;;;;;;
$QC_EFStopValid;Date;Stop-Datum der letzten g체ltigen Wirkungsumfrage;dd.mm.yyyy;Item;;;;;;
$QC_EFN;Number;Anzahl Teilnehmende an der aktuellen Wirkungsumfrage;0-n;Item;;;;;;
$QC_EFPCT;Number;R체cklaufquote der aktuellen Wirkungsumfrage;0-100;Item;;;;;;
$QC_EFTitle;String;Titel der aktuellen Wirkungsumfrage;Text;Item;;;;;;
$QC_EFTimeLag;Number;Letzte Wirkungsumfrage l채nger her (>15);0-n;Item;;;;;;
$QC_EFCounter;Number;Bereits Wirkungsumfragen durchgef체hrt (>0);1-n;Item;;;;;;
$isQC_EFRunning;Number;Zeitfenster der Wirkungsumfrage offen (1);1/0;Item;;;;;;
$isQC_EFActive;Number;Neue Controlling gestartet (1);1/0;Item;;;;;;
;;;;;;;;;;
$Results_N;Number;tempor채re Variable mit den Werten der letzten g체ltigen Survey f체r die Resultate-Anzeige;;Item;;;;;;Missing files in team survey
$Results_Start;Number;tempor채re Variable mit den Werten der letzten g체ltigen Survey f체r die Resultate-Anzeige;;Item;;;;;;
$Results_Stop;Number;tempor채re Variable mit den Werten der letzten g체ltigen Survey f체r die Resultate-Anzeige;;Item;;;;;;
$Results_Title;Number;tempor채re Variable mit den Werten der letzten g체ltigen Survey f체r die Resultate-Anzeige;;Item;;;;;;
;;;;;;;;;;
QUICK-CHECK CONTROLLING;;;;;;;;;;
;;;;;;;;;;
$O_S100_TM_QC;Number;S100 Controlling Mittelwert Perspektive Team;01. Mai;Index;MEAN($O_S101_TM_QC,$O_S102_TM_QC,$O_S103_TM_QC,$O_S104_TM_QC,$O_S105_TM_QC);MEAN;;;Missing;
;;;;;;;;;Missing;
$O_S101_TM_QC;Number;S101 Prozessqualit채t Perspektive TM;01. Mai;Scale;MEAN(all single items below);MEAN;;;Missing;
;;;;;;;;;Missing;
$O_S101_01_TM_QC;Number;S101 Prozessqualit채t 1 Perspektive TM;01. Mai;Item;;;;;Missing;
$O_S101_02_TM_QC;Number;S101 Prozessqualit채t 2 Perspektive TM;01. Mai;Item;;;;;Missing;
$O_S101_03_TM_QC;Number;S101 Prozessqualit채t 3 Perspektive TM;01. Mai;Item;;;;;Missing;
$O_S101_04_TM_QC;Number;S101 Prozessqualit채t 4 Perspektive TM;01. Mai;Item;;;;;Missing;
$O_S101_05_TM_QC;Number;S101 Prozessqualit채t 5 Perspektive TM;01. Mai;Item;;;;;Missing;
$O_S101_06_TM_QC;Number;S101 Prozessqualit채t 6 Perspektive TM;01. Mai;Item;;;;;Missing;
$O_S101_07_TM_QC;Number;S101 Prozessqualit채t 7 Perspektive TM;01. Mai;Item;;;;;Missing;
$O_S101_08_TM_QC;Number;S101 Prozessqualit채t 8 Perspektive TM;01. Mai;Item;;;;;Missing;
$O_S101_09_TM_QC;Number;S101 Prozessqualit채t 9 Perspektive TM;01. Mai;Item;;;;;Missing;
$O_S101_10_TM_QC;Number;S101 Prozessqualit채t 10 Perspektive TM;01. Mai;Item;;;;;Missing;
;;;;;;;;;Missing;
$O_S101_FK_QC;Number;S101 Prozessqualit채t Perspektive FK;01. Mai;Scale;MEAN(all single items below);MEAN;;;Missing;
;;;;;;;;;Missing;
$O_S101_01_FK_QC;Number;S101 Prozessqualit채t 1 Perspektive FK;01. Mai;Item;;;;;Missing;
$O_S101_02_FK_QC;Number;S101 Prozessqualit채t 2 Perspektive FK;01. Mai;Item;;;;;Missing;
$O_S101_03_FK_QC;Number;S101 Prozessqualit채t 3 Perspektive FK;01. Mai;Item;;;;;Missing;
$O_S101_04_FK_QC;Number;S101 Prozessqualit채t 4 Perspektive FK;01. Mai;Item;;;;;Missing;
$O_S101_05_FK_QC;Number;S101 Prozessqualit채t 5 Perspektive FK;01. Mai;Item;;;;;Missing;
$O_S101_06_FK_QC;Number;S101 Prozessqualit채t 6 Perspektive FK;01. Mai;Item;;;;;Missing;
$O_S101_07_FK_QC;Number;S101 Prozessqualit채t 7 Perspektive FK;01. Mai;Item;;;;;Missing;
$O_S101_08_FK_QC;Number;S101 Prozessqualit채t 8 Perspektive FK;01. Mai;Item;;;;;Missing;
$O_S101_09_FK_QC;Number;S101 Prozessqualit채t 9 Perspektive FK;01. Mai;Item;;;;;Missing;
$O_S101_10_FK_QC;Number;S101 Prozessqualit채t 10 Perspektive FK;01. Mai;Item;;;;;Missing;
;;;;;;;;;Missing;
$O_S102_TM_QC;Number;S102 Output Perspektive TM;01. Mai;Scale;MEAN($O_S102_01_TM_QC);MEAN2;;;Missing;
;;;;;;;;;Missing;
$O_S102_01_TM_QC;Number;S102 Output Perspektive 1 TM;01. Mai;Item;;;;;Missing;
;;;;;;;;;Missing;
$O_S102_FK_QC;Number;S102 Output Perspektive FK;01. Mai;Scale;MEAN($O_S102_01_FK_QC);MEAN2;;;Missing;
;;;;;;;;;Missing;
$O_S102_01_FK_QC;Number;S102 Output Perspektive 1 FK;01. Mai;Item;;;;;Missing;
;;;;;;;;;Missing;
$O_S103_TM_QC;Number;S103 Outcome Expectancy Perspektive TM;01. Mai;Scale;MEAN($O_S103_01_TM_QC,$O_S103_02_TM_QC);MEAN2;;;Missing;
;;;;;;;;;Missing;
$O_S103_01_TM_QC;Number;S103 Outcome Expectancy 1 Perspektive TM;01. Mai;Item;;;;;Missing;
$O_S103_02_TM_QC;Number;S103 Outcome Expectancy 2 Perspektive TM;01. Mai;Item;;;;;Missing;
;;;;;;;;;Missing;
$O_S103_FK_QC;Number;S103 Outcome Expectancy Perspektive FK;01. Mai;Scale;MEAN($O_S103_01_FK_QC,$O_S103_02_FK_QC);MEAN2;;;Missing;
;;;;;;;;;Missing;
$O_S103_01_FK_QC;Number;S103 Outcome Expectancy 1 Perspektive FK;01. Mai;Item;;;;;Missing;
$O_S103_02_FK_QC;Number;S103 Outcome Expectancy 2 Perspektive FK;01. Mai;Item;;;;;Missing;
;;;;;;;;;Missing;
$O_S104_TM_QC;Number;S104 TOSCA Capacity Building Perspektive TM;01. Mai;Scale;MEAN(all single items below);MEAN;;;Missing;
;;;;;;;;;Missing;
$O_S104_01_TM_QC;Number;S104 TOSCA Capacity Building 1 Perspektive TM;01. Mai;Item;;;;;Missing;
$O_S104_02_TM_QC;Number;S104 TOSCA Capacity Building 2 Perspektive TM;01. Mai;Item;;;;;Missing;
$O_S104_03_TM_QC;Number;S104 TOSCA Capacity Building 3 Perspektive TM;01. Mai;Item;;;;;Missing;
$O_S104_04_TM_QC;Number;S104 TOSCA Capacity Building 4 Perspektive TM;01. Mai;Item;;;;;Missing;
$O_S104_05_TM_QC;Number;S104 TOSCA Capacity Building 5 Perspektive TM;01. Mai;Item;;;;;Missing;
$O_S104_06_TM_QC;Number;S104 TOSCA Capacity Building 6 Perspektive TM;01. Mai;Item;;;;;Missing;
;;;;;;;;;Missing;
$O_S104_FK_QC;Number;S104 TOSCA Capacity Building Perspektive FK;01. Mai;Scale;MEAN(all single items below);MEAN;;;Missing;
;;;;;;;;;Missing;
$O_S104_01_FK_QC;Number;S104 TOSCA Capacity Building 1 Perspektive FK;01. Mai;Item;;;;;Missing;
$O_S104_02_FK_QC;Number;S104 TOSCA Capacity Building 2 Perspektive FK;01. Mai;Item;;;;;Missing;
$O_S104_03_FK_QC;Number;S104 TOSCA Capacity Building 3 Perspektive FK;01. Mai;Item;;;;;Missing;
$O_S104_04_FK_QC;Number;S104 TOSCA Capacity Building 4 Perspektive FK;01. Mai;Item;;;;;Missing;
$O_S104_05_FK_QC;Number;S104 TOSCA Capacity Building 5 Perspektive FK;01. Mai;Item;;;;;Missing;
$O_S104_06_FK_QC;Number;S104 TOSCA Capacity Building 6 Perspektive FK;01. Mai;Item;;;;;Missing;
;;;;;;;;;Missing;
$O_S105_TM_QC;Number;S105 iLEAD Perspektive Team;01. Mai;Scale;MEAN(all single items below);MEAN;;;Missing;
;;;;;;;;;Missing;
$O_S105_a_TM_QC;Number;S105 a iLEAD Example Perspektive TM;01. Mai;Subscale;MEAN($O_S105_a4_TM_QC,$O_S105_a5_TM_QC);MEAN;;;Missing;
$O_S105_b_TM_QC;Number;S105 b iLEAD Consideration Perspektive TM;01. Mai;Subscale;MEAN($O_S105_b1_TM_QC,$O_S105_b3_TM_QC);MEAN;;;Missing;
$O_S105_c_TM_QC;Number;S105 c iLEAD Stimulation Perspektive TM;01. Mai;Subscale;MEAN($O_S105_c1_TM_QC,$O_S105_c3_TM_QC);MEAN;;;Missing;
$O_S105_d_TM_QC;Number;S105 d iLEAD Reward Perspektive TM;01. Mai;Subscale;MEAN($O_S105_d1_TM_QC,$O_S105_d2_TM_QC);MEAN;;;Missing;
;;;;;;;;;Missing;
$O_S105_a4_TM_QC;Number;S105 a4 iLEAD Example1 Perspektive TM;01. Mai;Item;;;;;Missing;
cc;Number;S105 a5 iLEAD Example2 Perspektive TM;01. Mai;Item;;;;;Missing;
$O_S105_b1_TM_QC;Number;S105 b1 iLEAD Consideration1 Perspektive TM;01. Mai;Item;;;;;Missing;
$O_S105_b3_TM_QC;Number;S105 b3 iLEAD Consideration2 Perspektive TM;01. Mai;Item;;;;;Missing;
$O_S105_c1_TM_QC;Number;S105 c1 iLEAD Stimulation1 Perspektive TM;01. Mai;Item;;;;;Missing;
$O_S105_c3_TM_QC;Number;S105 c3 iLEAD Stimulation2 Perspektive TM;01. Mai;Item;;;;;Missing;
$O_S105_d1_TM_QC;Number;S105 d1 iLEAD Reward1 Perspektive TM;01. Mai;Item;;;;;Missing;
$O_S105_d2_TM_QC;Number;S105 d2 iLEAD Reward2 Perspektive TM;01. Mai;Item;;;;;Missing;
;;;;;;;;;Missing;
$O_S105_FK_QC;Number;S105 iLEAD Perspektive FK;01. Mai;Scale;MEAN(all single items below);MEAN;;;Missing;
;;;;;;;;;Missing;
$O_S105_a_FK_QC;Number;S105 a iLEAD Example Perspektive FK;01. Mai;Subscale;MEAN($O_S105_a4_FK_QC,$O_S105_a5_FK_QC);MEAN;;;Missing;
c;Number;S105 b iLEAD Consideration Perspektive FK;01. Mai;Subscale;MEAN($O_S105_b1_FK_QC,$O_S105_b3_FK_QC);MEAN;;;Missing;
$O_S105_c_FK_QC;Number;S105 c iLEAD Stimulation Perspektive FK;01. Mai;Subscale;MEAN($O_S105_c1_FK_QC,$O_S105_c3_FK_QC);MEAN;;;Missing;
$O_S105_d_FK_QC;Number;S105 d iLEAD Reward Perspektive FK;01. Mai;Subscale;MEAN($O_S105_d1_FK_QC,$O_S105_d2_FK_QC);MEAN;;;Missing;
;;;;;;;;;Missing;
$O_S105_a4_FK_QC;Number;S105 a4 iLEAD Example1 Perspektive FK;01. Mai;Item;;;;;Missing;
$O_S105_a5_FK_QC;Number;S105 a5 iLEAD Example2 Perspektive FK;01. Mai;Item;;;;;Missing;
$O_S105_b1_FK_QC;Number;S105 b1 iLEAD Consideration1 Perspektive FK;01. Mai;Item;;;;;Missing;
$O_S105_b3_FK_QC;Number;S105 b3 iLEAD Consideration2 Perspektive FK;01. Mai;Item;;;;;Missing;
$O_S105_c1_FK_QC;Number;S105 c1 iLEAD Stimulation1 Perspektive FK;01. Mai;Item;;;;;Missing;
$O_S105_c3_FK_QC;Number;S105 c3 iLEAD Stimulation2 Perspektive FK;01. Mai;Item;;;;;Missing;
$O_S105_d1_FK_QC;Number;S105 d1 iLEAD Reward1 Perspektive FK;01. Mai;Item;;;;;Missing;
$O_S105_d2_FK_QC;Number;S105 d2 iLEAD Reward2 Perspektive FK;01. Mai;Item;;;;;Missing;
;;;;;;;;;Missing;
QUICK-CHECK WIRKUNG;;;;;;;;;Missing;
;;;;;;;;;Missing;
$O_S150_FK_QC;Number;S150 RIA Perspektive FK;01. Jul;Scale;MEAN(all single items below);MEAN;;;Missing;
;;;;;;;;;Missing;
$O_S150_01_FK_QC;Number;S150_01 RIA 1 Perspektive FK;01. Jul;Item;;;;;Missing;
$O_S150_02_FK_QC;Number;S150_01 RIA 2 Perspektive FK;01. Jul;Item;;;;;Missing;
$O_S150_03_FK_QC;Number;S150_01 RIA 3 Perspektive FK;01. Jul;Item;;;;;Missing;
;;;;;;;;;Missing;
$O_S150_TM_QC;Number;S150 RIA Perspektive TM;01. Jul;Scale;MEAN(all single items below);MEAN;;;Missing;
;;;;;;;;;Missing;
$O_S150_01_TM_QC;Number;S150_01 RIA 1 Perspektive TM;01. Jul;Item;;;;;Missing;
$O_S150_02_TM_QC;Number;S150_01 RIA 2 Perspektive TM;01. Jul;Item;;;;;Missing;
$O_S150_03_TM_QC;Number;S150_01 RIA 3 Perspektive TM;01. Jul;Item;;;;;Missing;
;;;;;;;;;Missing;
$O_S151_FK_QC;Number;S151 Umsetzungsstand Perspektive FK;01. Jul;Scale;MEAN($O_S151_01_TM);MEAN2;;;Missing;
;;;;;;;;;Missing;
$O_S151_TM_QC;Number;S151 Umsetzungsstand Perspektive TM;01. Jul;Scale;MEAN($O_S151_01_TM);MEAN2;;;Missing;
;;;;;;;;;;
IC SURVEYS;;;;;;;;;;
;;;;;;;;;;
IC_USE;;;;;;;;;;
;;;;;;;;;;
$O_S188_a_FK_IC;Number;S188 Usability Information;01. Jul;Scale;MEAN (S188_01-05);MEAN;;;Missing;
$O_S188_b_FK_IC;Number;S188 Usability System;01. Jul;Scale;MEAN (S188_06-10);MEAN;;;Missing;
;;;;;;;;;Missing;
$O_S188_01_FK_IC;Number;S188_01 Usability Information 1;1-7 / -1;Item;;;;;Missing;
$O_S188_02_FK_IC;Number;S188_02 Usability Information 2;1-7 / -1;Item;;;;;Missing;
$O_S188_03_FK_IC;Number;S188_03 Usability Information 3;1-7 / -1;Item;;;;;Missing;
$O_S188_04_FK_IC;Number;S188_04 Usability Information 4;1-7 / -1;Item;;;;;Missing;
$O_S188_05_FK_IC;Number;S188_05 Usability Information 5;1-7 / -1;Item;;;;;Missing;
$O_S188_06_FK_IC;Number;S188_06 Usability System 1;1-7 / -1;Item;;;;;Missing;
$O_S188_07_FK_IC;Number;S188_07 Usability System 2;1-7 / -1;Item;;;;;Missing;
$O_S188_08_FK_IC;Number;S188_08 Usability System 3;1-7 / -1;Item;;;;;Missing;
$O_S188_09_FK_IC;Number;S188_09 Usability System 4;1-7 / -1;Item;;;;;Missing;
$O_S188_10_FK_IC;Number;S188_10 Usability System 5;1-7 / -1;Item;;;;;Missing;
;;;;;;;;;;
$O_IC_USEResultsComments;String;Kommentarfeld zu den Usability-Resultaten;Text;;;;;;;
;;;;;;;;;;
FORMULARE;;;;;;;;;;
;;;;;;;;;;
MeasuresFormExercise;;;;;;;;;;
;;;;;;;;;;
$MFE_JR_1;String;Ressource, die bearbeitet werden soll;Text;;Legacy no $O;;;;;
$MFE_JR_2;String;Wunschzustand der Ressource;Text;;;;;;;
$MFE_JR_3me;String;Brainstorming Ich;Text;;;;;;;
$MFE_JR_3team;String;Brainstorming Team;Text;;;;;;;
$MFE_JR_3comp;String;Brainstorming Betrieb;Text;;;;;;;
$MFE_JR_4_[1-5]Mes;String;Massnahme 1-5;Text;;;;;;;
$MFE_JR_4_[1-5]Who;String;Umsetzungsverantwortliche;Text;;;;;;;
$MFE_JR_4_[1-5]When;String;Umsetzungszeitpunkt;Text;;;;;;;
$MFE_JR_4_[1-5]Prio;String;Umsetzungspriorit채t;Text;;;;;;;
;;;;;;;;;;
$MFE_JD_1;String;Ressource, die bearbeitet werden soll;Text;;;;;;;
$MFE_JD_2;String;Wunschzustand der Ressource;Text;;;;;;;
$MFE_JD_3me;String;Brainstorming Ich;Text;;;;;;;
$MFE_JD_3team;String;Brainstorming Team;Text;;;;;;;
$MFE_JD_3comp;String;Brainstorming Betrieb;Text;;;;;;;
$MFE_JD_4_[1-5]Mes;String;Massnahme 1-5;Text;;;;;;;
$MFE_JD_4_[1-5]Who;String;Umsetzungsverantwortliche;Text;;;;;;;
$MFE_JD_4_[1-5]When;String;Umsetzungszeitpunkt;Text;;;;;;;
$MFE_JD_4_[1-5]Prio;String;Umsetzungspriorit채t;Text;;;;;;;
;;;;;;;;;;
GoalsForm;;;;;;;;;;
;;;;;;;;;;Text raus nehmen -- 
$O_GOALS_SELF1;String;Ziel 1 f체r mich;Text;;;;;;;
$O_GOALS_SELF2;String;Ziel 2 f체r mich;Text;;;;;;;
$O_GOALS_SELF3;String;Ziel 3 f체r mich;Text;;;;;;;
$O_GOALS_SELF4;String;Ziel 4 f체r mich;Text;;;;;;;
$O_GOALS_SELF5;String;Ziel 5 f체r mich;Text;;;;;;;
$O_GOALS_SELF1_IST;Number;Ist-Wert Ziel 1;01. Okt;;begrenzen;;;;;
$O_GOALS_SELF2_IST;Number;Ist-Wert Ziel 2;01. Okt;;begrenzen;;;;;
$O_GOALS_SELF3_IST;Number;Ist-Wert Ziel 3;01. Okt;;begrenzen;;;;;
$O_GOALS_SELF4_IST;Number;Ist-Wert Ziel 4;01. Okt;;begrenzen;;;;;
$O_GOALS_SELF5_IST;Number;Ist-Wert Ziel 5;01. Okt;;begrenzen;;;;;
$O_GOALS_SELF1_SOLL;Number;Soll-Wert Ziel 1;01. Okt;;begrenzen;;;;;
$O_GOALS_SELF2_SOLL;Number;Soll-Wert Ziel 2;01. Okt;;begrenzen;;;;;
$O_GOALS_SELF3_SOLL;Number;Soll-Wert Ziel 3;01. Okt;;begrenzen;;;;;
$O_GOALS_SELF4_SOLL;Number;Soll-Wert Ziel 4;01. Okt;;begrenzen;;;;;
$O_GOALS_SELF5_SOLL;Number;Soll-Wert Ziel 5;01. Okt;;begrenzen;;;;;
;;;;;;;;;;
$O_GOALS_TEAM1;String;Ziel 1 f체r das Team;Text;;;;;;;
$O_GOALS_TEAM2;String;Ziel 2 f체r das Team;Text;;;;;;;
$O_GOALS_TEAM3;String;Ziel 3 f체r das Team;Text;;;;;;;
$O_GOALS_TEAM4;String;Ziel 4 f체r das Team;Text;;;;;;;
$O_GOALS_TEAM5;String;Ziel 5 f체r das Team;Text;;;;;;;
$O_GOALS_TEAM1_IST;Number;Ist-Wert Ziel 1;01. Okt;;begrenzen;;;;;
$O_GOALS_TEAM2_IST;Number;Ist-Wert Ziel 2;01. Okt;;begrenzen;;;;;
$O_GOALS_TEAM3_IST;Number;Ist-Wert Ziel 3;01. Okt;;begrenzen;;;;;
$O_GOALS_TEAM4_IST;Number;Ist-Wert Ziel 4;01. Okt;;begrenzen;;;;;
$O_GOALS_TEAM5_IST;Number;Ist-Wert Ziel 5;01. Okt;;begrenzen;;;;;
$O_GOALS_TEAM1_SOLL;Number;Soll-Wert Ziel 1;01. Okt;;begrenzen;;;;;
$O_GOALS_TEAM2_SOLL;Number;Soll-Wert Ziel 2;01. Okt;;begrenzen;;;;;
$O_GOALS_TEAM3_SOLL;Number;Soll-Wert Ziel 3;01. Okt;;begrenzen;;;;;
$O_GOALS_TEAM4_SOLL;Number;Soll-Wert Ziel 4;01. Okt;;begrenzen;;;;;
$O_GOALS_TEAM5_SOLL;Number;Soll-Wert Ziel 5;01. Okt;;begrenzen;;;;;
;;;;;;;;;;
MonitorEmailExample;;;;;;;;;;
;;;;;;;;;;
$O_SESSION_C1_eInvitation;String;Einladungs-Email Vorlage;Text;;;;;;;
$O_SESSION_C1_eReminder;String;Einladungs-Email Reminder;Text;;;;;;;
;;;;;;;;;;
MonitorReactionForm;;;;;;;;;;
;;;;;;;;;;
$O_MONITOR_REACTION_ME1;String;Wie will ich mir gegen체ber reagieren?;Text;;;;;;;
$O_MONITOR_REACTION_ME2;String;Wie will ich dem Team gegen체ber reagieren?;Text;;;;;;;
;;;;;;;;;;
MonitorReactionTeamForm;;;;;;;;;;
;;;;;;;;;;
$O_MONITOR_REACTION_TEAM;String;Wie wird das Team reagieren?;Text;;;;;;;
;;;;;;;;;;
MonitorReactionPlanForm;;;;;;;;;;
;;;;;;;;;;
$O_MONITOR_REACTION_NOTES;String;Das will ich bei der R체ckmeldung besonders beachten;Text;;;;;;;
;;;;;;;;;;
TOSCAForm;;;;;;;;;;
;;;;;;;;;;
$O_TOSCA_REFLEXION1;String;So will ich im Workshop die Partizipation f철rdern;Text;;;;;;;
$O_TOSCA_REFLEXION2;String;So will ich im Workshop die L철sungsorientierung f철rdern;Text;;;;;;;
$O_TOSCA_REFLEXION3;String;So will ich im Workshop die Legitimation f철rdern;Text;;;;;;;
;;;;;;;;;;
DC_Implementation;;;;;;;;;JA drin lassen;
;;;;;;;;;;
$O_S200_01;Number;S200_01 Umsetzung in einer Etappe (1);01. Feb;;;;;;;
$O_S200_01_STRING;String;S200_01 Kommentar;Text;;;;;;;
$O_S200_02;Number;S200_02 Umsetzung intern (1);01. Feb;;;;;;;
$O_S200_02_STRING;String;S200_02 Kommentar;Text;;;;;;;
$O_S200_03;Number;S200_03 Umsetzung symbolischer Event (1);01. Feb;;;;;;;
$O_S200_03_STRING;String;S200_03 Kommentar;Text;;;;;;;
$O_S200_04;Number;S200_04 Umsetzung vollst채ndige Teilnahme (1);01.02.03;;;;;;;
$O_S200_04_STRING;String;S200_04 Kommentar;Text;;;;;;;
$O_S200_05;Number;S200_05 Umsetzung keine Spannungen (3);01.02.03;;;;;;;
$O_S200_05_STRING;String;S200_05 Kommentar;Text;;;;;;;
$O_S200_06;Number;S200_06 Umsetzung keine Unterst체tzung (3);01.02.03;;;;;;;
$O_S200_06_STRING;String;S200_06 Kommentar;Text;;;;;;;
$O_S200_07;Number;S200_07 Umsetzung keine Rollenkonflikte (3);01. Feb;;;;;;;
$O_S200_07_STRING;String;S200_08 Kommentar;Text;;;;;;;
;;;;;;;;;;
CHAT BUTTONS; TEXT + OPERATIONS;;;;;;;;;
;;;;;;;;;;
Indicators;;;;;;;;;;
;;;;;;;;;;
INTEREST;Number;Vertieftes Interesse an Themen;01. Feb;;Mittelwert ausgew채hlter Variablen;;;;;
COMPLIANCE;Number;Selbstauskunft zu Dokumentbearbeitung;01. Feb;;Mittelwert ausgew채hlter Variablen;;;;;
;;;;;;;;;;
Main Dialog;;;;;;;;;;
;;;;;;;;;;
$O_MAIN_INIT;String;Hauptidalog initiieren;Text;Item;Hallo, Hello;similar;;;;
$O_MAIN_GO;Number;Zum Hauptidalog (1);1;Item;;;;;;
$O_MAIN_CONTINUE;Number;Hauptdialog fortf체hren (1);01. Feb;Item;;;;;;
$O_MAIN_B5_SKIP;Number;Abbruch-Entscheidung von B5 체bergehen (1);01. Feb;Item;;;;;;
$O_INTRO_CHECK;Number;Intro im Main durchlaufen (>0);0-n;Item;Z채hler;plus;;;;
$O_INTRO_CONT;Number;Intro im Hauptdialog durchlaufen (1);01. Feb;Item;;;;;;
$O_REFERRED_BY;String;Input wie man vom wecoach geh철rt hat;Text;Item;siehe String-File f체r Vorgaben;similar;;;;
$O_REFERRED_BY_CORR;Number;Input korrigieren (1);01. Feb;Item;;;;;;
$O_SESSION_A1_GO;Number;Session Kennenlernen nicht starten (2);01. Feb;Item;;;;;;
$O_SESSION_B5_CONT;Number;Session Team einbinden nicht fortf체hren (2);01. Feb;Item;;;;;;
$O_SESSION_C2_CONT;Number;Session Durchf체hrung nicht fortf체hren (2);01. Feb;Item;;;;;;
$O_SESSION_SELECT;Number;Hilfe zur Session-Auswahl (1);01. Feb;Item;;;;;;
$O_PAY_SELECT;Number;Freischaltung beantragt (1);01. Feb;Item;;;;;;
$O_FILLIN_NOW_A2;Number;Brainstorming zu JR abgehakt (1);01. Feb;Item;;;;;;
$O_FILLIN_NOW_A3;Number;Brainstorming zu Nutzen abgehakt (1);01. Feb;Item;;;;;;
$O_FILLIN_NOW_A5;Number;Brainstorming zu xx abgehakt (1);01. Feb;Item;;;;;;
;;;;;;;;;;
Session A1;;;;;;;;;;
;;;;;;;;;;
$O_SESSION_A1_START;Number;Session A1 starten (1);01. Feb;;;;;;;
$O_SESSION_A1_CHATBOT;Number;Mehr Info zum Chatbot (2);01. Feb;;;;;;;
$O_SESSION_A1_DATA;Number;Datensammlung ist beunruhigend (2);01. Feb;;;;;;;
$O_SESSION_A1_ROLE;Number;Leitet ein Team (1);01. Feb;;;;;;;
$O_SESSION_A1_JOURNEYGRAPH;Number;6 Schritte auf Homepage gesehen (1);01. Feb;;;;;;;
$O_SESSION_A1_JOURNEYTIME1;Number;Mehr Info zur Gesamtdauer (2);01. Feb;;;;;;;
$O_SESSION_A1_JOURNEYTIME2;Number;Mehr Info zur Sessiondauer (2);01. Feb;;;;;;;
$O_SESSION_A1_IPOOI1;Number;Mehr Fakten zur Wirkung (2);01. Feb;;;;;;;
$O_SESSION_A1_IPOOI2;Number;Wunsch nach Studie zur Wirkung (2);01. Feb;;;;;;;
$O_SESSION_A1_TWITTER;Number;Absicht auf Twitter zu folgen (2);01. Feb;;;;;;;
$O_SESSION_A1_MOTIVATION;Number;Abwartende Haltung zum wecoach (2);01. Feb;;;;;;;
$O_SESSION_A1_DETAILS1;Number;Session Zwischenunterbruch I (2);01. Feb;;;;;;;
$O_SESSION_A1_GODETAILS1;Number;Nach Session Zwischenunterbruch I fortsetzen (1);01. Feb;;;;;;;
$O_SESSION_A1_TIMECOACHING_CORR;Number;Korrektur der Eingabe zur verf체gbaren Zeit f체r den wecoach (1);01. Feb;;;;;;;
$O_SESSION_A1_NOEXPERIENCE;Number;Keine Erfahrung mit Coaching (1);01. Feb;;;;;;;
$O_SESSION_A1_DOKUABLAGE;Number;Sinn der Funktionsweise der Doku-Ablage (2);01. Feb;;;;;;;
$O_SESSION_A1_DETAILS2;Number;Session Zwischenunterbruch II (2);01. Feb;;;;;;;
$O_SESSION_A1_GODETAILS2;Number;Nach Session Zwischenunterbruch I fortsetzen (1);01. Feb;;;;;;;
$O_SESSION_A1_SWE_REP;Number;Fragebogen zu SWE nochmals ausf체llen (1);01. Feb;;;;;;;
$O_SESSION_A1_SWE_CHECK;Number;SWE check ob Daten vorhanden (>0);0-200;;$C_S125_01_FK_IC + $C_S125_03_FK_IC;plus;;;;
$O_SESSION_A1_SWE_FILL;Number;SWE nicht ausf체llen (2);01. Feb;;;;;;;
$O_SESSION_A1_SWE_COMPLETED;Number;SWE in A1 bereits ausgef체llt (>0);1-n;;Z채hler;plus;;;;
$O_SESSION_A1_METHODS;Number;Details zu Methoden angeschaut (2);01. Feb;;;;;;;
$O_SESSION_A1_TEAM1;Number;Mehr Infos zum Entwicklerteam (2);01. Feb;;;;;;;
$O_SESSION_A1_TEAM2;Number;Entwicklerteam ist bekannt (2);01. Feb;;;;;;;
$O_SESSION_A1_FINISH;Number;FAQ der Session A1 anschauen (2);01. Feb;;;;;;;
;;;;;;;;;;
Session A2;;;;;;;;;;
;;;;;;;;;;
$O_SESSION_A2_START;Number;Session A2 starten (1);01. Feb;;;;;;;
$O_SESSION_A2_JR;Number;Hat keine Ressourcen (2);01. Feb;;;;;;;
$O_SESSION_A2_JD;Number;Hat keine Belastungen (2);01. Feb;;;;;;;
$O_SESSION_A2_MODEL;Number;Wunsch nach Studien zum Wirkmodell (2);01. Feb;;;;;;;
$O_SESSION_A2_DOKU1;Number;Wunsch nach Dokumentation zum Monitor (2);01. Feb;;;;;;;
$O_SESSION_A2_DOKU2;Number;Wunsch nach Langversion der Monitor-Doku (2);01. Feb;;;;;;;
$O_SESSION_A2_FINISH;Number;FAQ der Session A2 anschauen (2);01. Feb;;;;;;;
;;;;;;;;;;
Session A3;;;;;;;;;;
;;;;;;;;;;
$O_SESSION_A3_START;Number;Session A3 starten (1);01. Feb;;;;;;;
$O_SESSION_A3_JOURNEYMEM;Number;6 Schritte des wecoach nochmals zeigen (2);01. Feb;;;;;;;
$O_SESSION_A3_SESSIONDUR;Number;Details zur Berechnung der Session-Dauer erw체nscht (2);01. Feb;;;;;;;
$O_SESSION_A3_ROI_SELF;Number;Kein Nutzen des wecoach f체r sich wahrnehmbar (2);01. Feb;;;;;;;
$O_SESSION_A3_ROI_SOURCE;Number;Details zum ROI erw체nscht (2);01. Feb;;;;;;;
$O_SESSION_A3_USE_FILL1;Number;Usability-Feedback nicht geben (2);01. Feb;;;;;;;
$O_SESSION_A3_USE_CHECK;Number;Usability-Feedback check ob Daten vorhanden (>0);0-14;;;;;;;
$O_SESSION_A3_USE_FILL2;Number;Usability-Feedback nicht ausf체llen (2);01. Feb;;;;;;;
$O_SESSION_A3_USE_COMPLETED;Number;Usability-Feedback ausgef체llt (>0);01. Feb;;;;;;;
$O_SESSION_A3_FINISH;Number;FAQ der Session A3 anschauen (2);01. Feb;;;;;;;
;;;;;;;;;;
Session A4;;;;;;;;;;
;;;;;;;;;;
$O_SESSION_A4_START;Number;Session A4 starten (1);01. Feb;;;;;;;
$O_SESSION_A4_TEAM-SIZE;Number;Teamgr철sse kleiner 4, 4-20 oder gr철sser 20 (1/2/3);01.02.03;;;;;;;
$O_SESSION_A4_TEAM-SIZE_RE;Number;Teamgr철sse 채ndern (2);01. Feb;;;;;;;
$O_SESSION_A4_TOSCA;Number;Bedeutung von Teamklima (2);01. Feb;;;;;;;
$O_SESSION_A4_TOSCA_FILLIN;Number;TOSCA nicht ausf체llen (2);01. Feb;;;;;;;
$O_SESSION_A4_TOSCA_CHECK;Number;TOSCA check ob Daten vorhanden (>0);0-15;;$C_S006_01_FK_IC + $C_S006_05_FK_IC + $C_S006_10_FK_IC;plus;;;;
$O_SESSION_A4_TOSCA_FILL;Number;TOSCA nicht ausf체llen (2);01. Feb;;;;;;;
$O_SESSION_A4_TOSCA_COMPLETED;Number;TOSCA in A4 bereits ausgef체llt (>0);1-n;;Z채hler;plus;;;;
$O_SESSION_A4_TOSCA_REP;Number;TOSCA nochmals ausf체llen (1);01. Feb;;;;;;;
$O_SESSION_A4_TOSCA4;Number;Wissen wie Teamklima erhalten/verbessern (2);01. Feb;;;;;;;
$O_SESSION_A4_TOSCA5;Number;TOSCA nicht ausf체llen zum Zweiten (2);01. Feb;;;;;;;
$O_SESSION_A4_PORTAL;Number;Mehr Infos zum Teamportal (2);01. Feb;;;;;;;
$O_SESSION_A4_FINISH;Number;FAQ der Session A4 anschauen (2);01. Feb;;;;;;;
;;;;;;;;;;
Session A5;;;;;;;;;;
;;;;;;;;;;
$O_SESSION_A5_START;Number;Session A5 starten (1);01. Feb;;;;;;;
$O_SESSION_A5_ANSWER;Number;Pflicht die Fragen zu beantworten (2);01. Feb;;;;;;;
$O_SESSION_A5_CONTEXT1;Number;Formular ausgef체llt (2);01. Feb;;;;;;;
$O_SESSION_A5_DETAILS;Number;Nachfrage wann Session B4 stattfindet (2);01. Feb;;;;;;;
$O_SESSION_A5_CONDITIONS_RE;Number;Formular doch noch ausf체llen (2);01. Feb;;;;;;;
$O_SESSION_A5_CONTEXT2;Number;Formular doch noch ausf체llen (2);01. Feb;;;;;;;
$O_SESSION_A5_ILEAD1;Number;Details zu iLead gew체nscht (2);01. Feb;;;;;;;
$O_SESSION_A5_ILEAD2;Number;Studie zu iLead gew체nscht (2);01. Feb;;;;;;;
$O_SESSION_A5_SURVEY_CHECK;Number;iLead check ob Daten vorhanden (>0);0-20;;$C_S105_a4_FK_IC + $C_S105_b1_FK_IC + $C_S105_c1_FK_IC + $C_S105_d1_FK_IC;plus;;;;
$O_SESSION_A5_ILEAD_FILL;Number;iLead nicht ausf체llen (2);01. Feb;;;;;;;
$O_SESSION_A5_ILEAD_COMPLETED;Number;iLead in A4 bereits ausgef체llt (>0);1-n;;Z채hler;plus;;;;
$O_SESSION_A5_ILEAD_REP;Number;iLead nochmals ausf체llen (1);01. Feb;;;;;;;
$O_SESSION_A5_FINISH;Number;FAQ der Session A5 anschauen (2);01. Feb;;;;;;;
;;;;;;;;;;
Session B1;;;;;;;;;;
;;;;;;;;;;
$O_SESSION_B1_START;Number;Session B1 starten (1);01. Feb;;;;;;;
$O_SESSION_B1_FILL_IN1;Number;HSEshort nicht sofort ausf체llen (2);01. Feb;;;;;;;
$O_SESSION_B1_FILL_IN2;Number;HSEshort doch ausf체llen (1) oder Session beenden (2);01. Feb;;;;;;;
$O_SESSION_B1_HSE_CHECK;Number;HSEshort check ob Daten vorhanden (>1);0-15;;$C_S011_01_FK_IC+$C_S020_02_FK_IC+$C_S018_05_FK_IC;plus;;;;
$O_SESSION_B1_HSE_COMPLETED;Number;HSEshort in B1 bereits ausgef체llt (>0);1-n;;Z채hler;plus;;;;
$O_SESSION_B1_HSE_REP;Number;HSEshort nochmals ausf체llen (1);01. Feb;;;;;;;
$O_SESSION_B1_FEELING;Number;HSEshort Resultate entsprechen dem Gef체hl (1);01.02.03;;;;;;;
$O_SESSION_B1_SHORTVERSION;Number;HSEshort mehr Infos gew체nscht (2);01. Feb;;;;;;;
$O_SESSION_B1_MONITORPDF;Number;PDF zur Team-Befragung angeschaut (2);01. Feb;;;;;;;
$O_SESSION_B1_OVERVIEW;Number;Ablauf der Team-Befragung ist unklar (2);01. Feb;;;;;;;
$O_SESSION_B1_FINISH;Number;FAQ der Session B1 anschauen (2);01. Feb;;;;;;;
;;;;;;;;;;
Session B2;;;;;;;;;;
;;;;;;;;;;
$O_SESSION_B2_START;Number;Session B2 starten (1);01. Feb;;;;;;;
$O_SESSION_B2_SWITCHB1;Number;Zu B1 wechseln wenn nicht bearbeitet (1);01. Feb;;;;;;;
$O_SESSION_B2_INFLUENCE;Number;Mehr Info zur Verantwortung der FK (2);01. Feb;;;;;;;
$O_SESSION_B2_PRINCIPLES;Number;Prinzipien angeschaut (2);01. Feb;;;;;;;
$O_SESSION_B2_HOL1;Number;HOL Fragebogen nicht ausf체llen (2);01. Feb;;;;;;;
$O_SESSION_B2_HOL_CHECK;Number;HOL check ob Daten vorhanden (>1);0-15;;$C_S130_01_FK_IC+$C_S130_03_FK_IC+$C_S130_05_FK_IC;plus;;;;
$O_SESSION_B2_HOL_COMPLETED;Number;HOL in B2 bereits ausgef체llt (>0);1-n;;Z채hler;plus;;;;
$O_SESSION_B2_HOL_REP;Number;HOL nochmals ausf체llen (1);01. Feb;;;;;;;
$O_SESSION_B2_HOL2;Number;HOL doch ausf체llen (2);01. Feb;;;;;;;
$O_SESSION_B2_HOL3;Number;HOL Wertebereich tief (1), mittel (2), hoch (3);01.02.03;;;;;;;
$O_SESSION_B2_HOL4;Number;HOL Brainstorming gemacht (2);01. Feb;;;;;;;
$O_SESSION_B2_HOL_FILLIN;Number;HOL Brainstorming doch ausf체llen (2);01. Feb;;;;;;;
$O_SESSION_B2_HOL_FILLIN2;Number;HOL Fragebogen doch ausf체llen (2);01. Feb;;;;;;;
$O_SESSION_B2_HOL_STUDY;Number;Studie zu HOL gew체nscht (2);01. Feb;;;;;;;
$O_SESSION_B2_HSE_SELECT;Number;Hilfe zur Auswahl einer Ressource/Belastung (2);01. Feb;;;;;;;
$O_SESSION_B2_IMPLEMENTATION;Number;횥bung erledigt (1);01. Feb;;;;;;;
$O_SESSION_B2_FINISH;Number;FAQ der Session B2 anschauen (2);01. Feb;;;;;;;
;;;;;;;;;;
Session B3;;;;;;;;;;
;;;;;;;;;;
$O_SESSION_B3_START;Number;Session B3 starten (1);01. Feb;;;;;;;
$O_SESSION_B3_VISION1;Number;Mehr Info zur Wunderfrage (2);01. Feb;;;;;;;
$O_SESSION_B3_VISION2;Number;Mehr Info zur systemischen Organisationsberatung (2);01. Feb;;;;;;;
$O_SESSION_B3_GOALS1;Number;Details zur Zielsetzung (2);01. Feb;;;;;;;
$O_SESSION_B3_GOALS2;Number;Ziele 체berspringen (2);01. Feb;;;;;;;
$O_SESSION_B3_ROI_REFLECT;Number;Nutzen nochmals reflektieren (2);01. Feb;;;;;;;
$O_SESSION_B3_GOALS_FILLIN;Number;Ziele ausgef체llt (2);01. Feb;;;;;;;
$O_SESSION_B3_GOALS_FILLIN2;Number;Ziele doch noch ausf체llen (2);01. Feb;;;;;;;
$O_SESSION_B3_FINISH;Number;FAQ der Session B3 anschauen (2);01. Feb;;;;;;;
;;;;;;;;;;
Session B4;;;;;;;;;;
;;;;;;;;;;
$O_SESSION_B4_START;Number;Session B4 starten (1);01. Feb;;;;;;;
$O_SESSION_B4_GOALS_FILLIN;Number;Ziele nachtr채glich noch ausf체llen (2);01. Feb;;;;;;;
$O_SESSION_B4_CONTEXT;Number;Rahmenbedingungen nochmals anschauen (2);01. Feb;;;;;;;
$O_SESSION_B4_CONTEXT_FILLIN;Number;Rahmenbedingungen nachtr채glich einf체llen (2);01. Feb;;;;;;;
$O_SESSION_B4_CONTEXT_FILLIN2;Number;Rahmenbedingungen abbrechen (1);01. Feb;;;;;;;
$O_SESSION_B4_FINISH;Number;FAQ der Session B4 anschauen (2);01. Feb;;;;;;;
;;;;;;;;;;
Session B5;;;;;;;;;;
;;;;;;;;;;
$O_SESSION_B5_START;Number;Session B5 starten (1);01. Feb;;;;;;;
$O_SESSION_B5_TIPPS;Number;Tipps zur Pr채sentation (2);01. Feb;;;;;;;
$O_SESSION_B5_VORLAGE;Number;Pr채sentation angeschaut (2);01. Feb;;;;;;;
$O_SESSION_B5_GOALS;Number;Keine Ziele mit dem Team setzen (2);01. Feb;;;;;;;
$O_SESSION_B5_TIMELAG;Number;Genug Zeit seit Intermission zur Teaminfo (>2);0-n;;$O_SESSION_B5_DATE - NOW;minus_date;;;;
$O_SESSION_INTERMITTED_B5;Number;Filter zum Unterbruch der Session (1);1/0;;;;;;;
$O_SESSION_B5_CONVINCED;Number;Team 체berzeugt vom wecoach (2/3);01.02.03;;;;;;;
$O_SESSION_B5_TEAMCOACH_STOP;Number;Fortf체hren des wecoach (1);01. Feb;;;;;;;
$O_SESSION_B5_QUICKWINS;Number;Mehr Infos zu Quick-Wins (2);01. Feb;;;;;;;
$O_SESSION_B5_NEWGOALS;Number;Neue Ziele mit dem Team gesetzt (2);01. Feb;;;;;;;
$O_SESSION_B5_NEWGOALS_FILLIN;Number;Neue Ziele eingetragen (2);01. Feb;;;;;;;
$O_SESSION_B5_TEAM_INFORMED;Number;Team informiert (2);01. Feb;;;;;;;
$O_SESSION_B5_SWE_REP;Number;SWE nochmals ausf체llen (1);01. Feb;;;;;;;
$O_SESSION_B5_SWE_CHECK;Number;SWE check ob Daten vorhanden (>0) ;0-200;;$C_S125_01_FK_IC + $C_S125_03_FK_IC;plus;;;;
$O_SESSION_B5_SWE_FILL;Number;SWE nicht ausf체llen (2);01. Feb;;;;;;;
$O_SESSION_B5_SWE_COMPLETED;Number;SWE in B5 bereits ausgef체llt (>0);0-n;;Z채hler;plus;;;;
$O_SESSION_B5_FINISH;Number;FAQ der Session B5 anschauen (2);01. Feb;;;;;;;
;;;;;;;;;;
Session C1;;;;;;;;;;
;;;;;;;;;;
$O_SESSION_C1_START;Number;Session C1 starten (1);01. Feb;;;;;;;
$O_SESSION_C1_SWITCHB1;Number;Zu B1 wechseln wenn nicht bearbeitet (1);01. Feb;;;;;;;
$O_SESSION_C1_LAG_CONT;Number;Team-Befragung trotz kurzem Time-Lag starten (2);01. Feb;;;;;;;
$O_SESSION_C1_RAPIDPREP;Number;Schnelldurchgang bei Wiederholung (1);01. Feb;;;;;;;
$O_SESSION_C1_PDF_SCALES;Number;PDF Team-Befragung anschauen f체r Zusatzskalen (2);01. Feb;;;;;;;
$O_SESSION_C1_EMAIL_TEMPLATE;Number;Gutheissen der E-Mail-Vorlage (2);01. Feb;;;;;;;
$O_SESSION_C1_TEAMPORTAL_INFO;Number;Erinnerung an Infoflyer Teamportal (2);01. Feb;;;;;;;
$O_SESSION_C1_RUNNING_CONT;Number;Session durchlaufen trotz aktiver Team-Befragung (2);01. Feb;;;;;;;
$O_SESSION_C1_MONITOR_OVERVIEW;Number;Vorgehensweise ist bekannt (2);01. Feb;;;;;;;
$O_SESSION_C1_FUNCTION_REACTION;Number;Mehr Infos zum Sinn und Zweck von Befragungen (2);01. Feb;;;;;;;
$O_SESSION_C1_FUNCTION_ARTICLE;Number;Artikel zum Sinn und Zweck gew체nscht (2);01. Feb;;;;;;;
$O_SESSION_C1_TIMEWINDOW;Number;Slide zum Zeitfenster angeschaut (2);01. Feb;;;;;;;
$O_SESSION_C1_PIN;Number;Mehr Infos zum PIN (2);01. Feb;;;;;;;
$O_SESSION_C1_LANGUAGE;Number;Fremdsprachige Leute im Team (1);01. Feb;;;;;;;
$O_SESSION_C1_FINISH;Number;FAQ der Session C1 anschauen (2);01. Feb;;;;;;;
;;;;;;;;;;
Session C2;;;;;;;;;;
;;;;;;;;;;
$O_SESSION_C2_START;Number;Session C2 starten (1);01. Feb;;;;;;;
$O_SESSION_C2_SWITCHC3;Number;Bei kurzen Time-Lag zu den Resultaten wechseln (1);01. Feb;;;;;;;
$O_SESSION_C2_TEAMINFO;Number;Team nicht informiert (2);01. Feb;;;;;;;
$O_SESSION_C2_TEAMINFO1;Number;Keine Bereitschaft Team zu informieren (2);01. Feb;;;;;;;
$O_SESSION_C2_TEAMINFO2;Number;Keine Bereitschaft Team zu informieren (2);01. Feb;;;;;;;
$O_SESSION_C2_TEAMINFO3;Number;Keine Bereitschaft Team zu informieren (2);01. Feb;;;;;;;
$O_SESSION_C2_WORKTIME1;Number;Kritisch dass Befragung w채hrend Arbeitszeit (2);01. Feb;;;;;;;
$O_SESSION_C2_WORKTIME2;Number;Kritisch dass Befragung w채hrend Arbeitszeit (2);01. Feb;;;;;;;
$O_SESSION_C2_TEAMSIZECHANGE;Number;Teamgr철sse noch aktuell (1);01. Feb;;;;;;;
$O_SESSION_C2_TEAMSIZECHANGE_CORRECT;Number;Eingegebene Teamgr철sse ist korrekt (1);01. Feb;;;;;;;
$O_SESSION_C2_RETURNGOAL;Number;Angestrebte R체cklaufquote (>70);1-100;;RND ($C_001 / 10 * 7);set / divide / multiply / round;;;;
$O_SESSION_C2_TEAMSIZESMALL_CONT;Number;Trotz zu kleinem Team (<3) weiterfahren (1);01. Feb;;;;;;;
$O_SESSION_C2_TEAMSIZELARGE_CONT;Number;Trotz sehr grossem Team (>50) weiterfahren (1);01. Feb;;;;;;;
$O_SESSION_C2_PDF_SCALES;Number;Mehr Infos zu den Zusatzskalen (2);01. Feb;;;;;;;
$O_SESSION_C2_NOTACTIVE;Number;Befragung ist aktiv (1);01. Feb;;;;;;;
$O_SESSION_C2_SITE;Number;Mehr Infos zur Befragungsseite (2);01. Feb;;;;;;;
$O_SESSION_C2_QUOTA;Number;Mehr Infos zur R체cklaufquote (2);01. Feb;;;;;;;
$O_SESSION_C2_EMAIL_TEMPLATE;Number;E-Mail-Vorlage anzeigen (2);01. Feb;;;;;;;
$O_SESSION_C2_FAVORITES_SETTING;Number;Settings-Formular in den Favoriten abgespeichert (2);01. Feb;;;;;;;
$O_SESSION_C2_PIN;Number;Mehr Infos zur Funktionalit채t des PINs (2);01. Feb;;;;;;;
$O_SESSION_C2_FAVORITES_PIN;Number;PIN-Slide in den Favoriten abgespeichert (2);01. Feb;;;;;;;
$O_SESSION_C2_OVER100;Number;Mehr Infos bei zu hoher R체cklaufquote (2);01. Feb;;;;;;;
$O_SESSION_C2_FINISH;Number;FAQ der Session C2 anschauen (2);01. Feb;;;;;;;
;;;;;;;;;;
Session C3;;;;;;;;;;
;;;;;;;;;;
$O_SESSION_C3_START;Number;Session C3 starten (1);01. Feb;;;;;;;
$O_SESSION_C3_CHANGE;Number;Wechsel zu C2 da keine Survey vorhanden / aktiv (1);01. Feb;;;;;;;
$O_SESSION_C3_SHOWMODEL;Number;Modell nochmals anschauen (2);01. Feb;;;;;;;
$O_SESSION_C3_SHOWPDF;Number;PDF zu Engagement + Stress nochmals anschauen (2);01. Feb;;;;;;;
$O_SESSION_C3_FACTUALSOCIAL;Number;Sachliche oder Zwischenmenschliche Themen;01. Apr;;;;;;;
$O_SESSION_C3_MONITORDOC;Number;Dokumentation zur Befragung nochmals anschauen (2);01. Feb;;;;;;;
$O_SESSION_C3_REACTION_READINESS;Number;Mehr Info zur Reaktion auf Befragung (2);01. Feb;;;;;;;
$O_SESSION_C3_REACTION_READINESS2;Number;Mehr Info zur Reaktion auf Befragung (2);01. Feb;;;;;;;
$O_SESSION_C3_SURPRISED;Number;Reaktion 체berrascht (1);01. Feb;;;;;;;
$O_SESSION_C3_HAPPY;Number;Reaktion erfreut (1);01. Feb;;;;;;;
$O_SESSION_C3_REACTIONTYPE ;Number;Reaktionstyp 체/ne (1), 체/e (2), n체/e (3), n체/ne (4);01. Apr;;;;;;;
$O_SESSION_C3_CONFIRMTYPE;Number;Reaktionstyp best채tigt (1);01. Feb;;;;;;;
$O_SESSION_C3_REACTION_CALM;Number;Gelassenheit f채llt schwer (2);01. Feb;;;;;;;
$O_SESSION_C3_REACTION_ROI;Number;Warum lohnt sich die Auseinandersetzung (2);01. Feb;;;;;;;
$O_SESSION_C3_REACTIONME;Number;Brainstorming Reaktion selbst festgehalten (2);01. Feb;;;;;;;
$O_SESSION_C3_FINISH;Number;FAQ der Session C3 anschauen (2);01. Feb;;;;;;;
;;;;;;;;;;
Session C4;;;;;;;;;;
;;;;;;;;;;
$O_SESSION_C4_START;Number;Session C4 starten (1);01. Feb;;;;;;;
$O_SESSION_C4_REACTIONTEAM;Number;Brainstorming Reaktion des Teams festgehalten (2);01. Feb;;;;;;;
$O_SESSION_C4_EXPERIENCE;Number;Erfahrung mit Befragungen (2);01. Feb;;;;;;;
$O_SESSION_C4_REACTIONSELF;Number;Brainstorming wie vorgehen festgehalten (2);01. Feb;;;;;;;
$O_SESSION_C4_SETTIMEPOINT;Number;Gedanken zum Zeitpunkt der R체ckmeldung gemacht (2);01. Feb;;;;;;;
$O_SESSION_C4_SEPCOM;Number;Workshop separat (1) oder mit R체ckmeldung kombiniert (2);01. M둹;;;;;;;
$O_SESSION_C4_READINESS;Number;Noch keine Bereitschaft f체r die R체ckmeldung (2);01. Feb;;;;;;;
$O_SESSION_C4_EXCHANGE;Number;Zieht externe Begleitung in Erw채gung (1);01. Feb;;;;;;;
$O_SESSION_C4_FINISH;Number;FAQ der Session C4 anschauen (2);01. Feb;;;;;;;
;;;;;;;;;;
Session C5;;;;;;;;;;
;;;;;;;;;;
$O_SESSION_C5_START;Number;Session C5 starten (1);01. Feb;;;;;;;
$O_SESSION_C5_STARTNEW;Number;Neuen Quick-Check starten (2);01. Feb;;;;;;;
$O_SESSION_C5_PDF;Number;PDF zur Teambefragung anschauen (2);01. Feb;;;;;;;
$O_SESSION_C5_ES_INFOS;Number;Formular zur Durchf체hrung ausgef체llt (2);01. Feb;;;;;;;
$O_SESSION_C5_ES_START1;Number;Quick-Check-Settings weiter (1);1;;;;;;;
$O_SESSION_C5_ES_START2;Number;Quick-Check-Settings doch ausf체llen (2);01. Feb;;;;;;;
$O_SESSION_C5_PIN;Number;Infos zur Trennung der Befragungen;01. Feb;;;;;;;
$O_SESSION_C5_RETURN_SATIS;Number;Zufrieden mit dem R체cklauf (2);01. Feb;;;;;;;
$O_SESSION_C5_ES_STOP1;Number;Quick-Check beenden (1);01. Feb;;;;;;;
$O_SESSION_C5_ES_STOP2;Number;Quick-Check doch beenden (1);01. Feb;;;;;;;
$O_SESSION_C5_RESULTS_GO;Number;Meinung zu den Ergebnissen einholen (2);01. Feb;;;;;;;
$O_SESSION_C5_PROBLEM;Number;BV-Werte sind nicht vorhanden (1);1;;;;;;;
$O_SESSION_C5_FINISH;Number;FAQ der Session C5 anschauen (2);01. Feb;;;;;;;
;;;;;;;;;;
Session D1;;;;;;;;;;
;;;;;;;;;;
$O_SESSION_D1_START;Number;Session D1 starten (1);01. Feb;;;;;;;
$O_SESSION_D1_SWITCHB2;Number;Zu B2 wechseln wenn nicht bearbeitet (1);01. Feb;;;;;;;
$O_SESSION_D1_CONTROLLING;Number;Mehr Info zum Ablauf Controlling (2);01. Feb;;;;;;;
$O_SESSION_D1_PROCEDURE;Number;Workshop-Ablauf noch bekannt (2);01. Feb;;;;;;;
$O_SESSION_D1_PLANNING;Number;Mehr Infos zur Planung (2);01. Feb;;;;;;;
$O_SESSION_D1_MEASURESFORM;Number;횥bung zur Massnahmen-Entwicklung noch bekannt (2);01. Feb;;;;;;;
$O_SESSION_D1_VARIANTS;Number;Empfehlung zur Vorgehensweise gew체nscht (2);01. Feb;;;;;;;
$O_SESSION_D1_TOOLCHOICE;Number;Wahl online (1), offline (1), P+P (3), 체berlegen (4);01. Apr;;;;;;;
$O_SESSION_D1_FINISH;Number;FAQ der Session D1 anschauen (2);01. Feb;;;;;;;
;;;;;;;;;;
Session D2;;;;;;;;;;
;;;;;;;;;;
$O_SESSION_D2_START;Number;Session D2 starten (1);01. Feb;;;;;;;
$O_SESSION_D2_TOSCAFORM;Number;Formular zur TOSCA-St채rkung ausgef체llt (2);01. Feb;;;;;;;
$O_SESSION_D2_TOSCADATA;Number;Teamdaten anschauen (2);01. Feb;;;;;;;
$O_SESSION_D2_DIFFICULTIES;Number;Schwierigkeiten im Workshop k철nnten auftreten (2);01. Feb;;;;;;;
$O_SESSION_D2_SCENARIO1;Number;Schwierigkeiten liegen beim Team (2);01. Feb;;;;;;;
$O_SESSION_D2_SCENARIO2;Number;Zu wenig Erfahrung (1);01. Feb;;;;;;;
$O_SESSION_D2_SCENARIO3;Number;Das ganze Team macht Schwierigkeiten (2);01. Feb;;;;;;;
$O_SESSION_D2_FINISH;Number;FAQ der Session D2 anschauen (2);01. Feb;;;;;;;
;;;;;;;;;;
Session D3;;;;;;;;;;
;;;;;;;;;;
$O_SESSION_D3_START;Number;Session D3 starten (1);01. Feb;;;;;;;
$O_SESSION_D3_STARTNEW;Number;Neues Controlling starten (2);01. Feb;;;;;;;
$O_SESSION_D3_PRECONDITION;Number;Voraussetzungen f체r Controlling sind gegeben (2);01. Feb;;;;;;;
$O_SESSION_D3_PROCEED;Number;Trotz nicht-gegebener Voraussetzungen starten (1);01. Feb;;;;;;;
$O_SESSION_D3_CO_INFOS;Number;Formular zur Durchf체hrung ausgef체llt (2);01. Feb;;;;;;;
$O_SESSION_D3_CO_START1;Number;Controlling-Settings weiter (1);1;;;;;;;
$O_SESSION_D3_CO_START2;Number;Controlling-Settings doch ausf체llen (2);01. Feb;;;;;;;
$O_SESSION_D3_RETURN_SATIS;Number;Zufrieden mit dem R체cklauf (2);01. Feb;;;;;;;
$O_SESSION_D3_CO_STOP1;Number;Controlling beenden (1);01. Feb;;;;;;;
$O_SESSION_D3_CO_STOP2;Number;Controlling doch beenden (1);01. Feb;;;;;;;
$O_SESSION_D3_RESULTS_GO;Number;Meinung zu den Ergebnissen einholen (2);01. Feb;;;;;;;
$O_SESSION_D3_SWE_COMPLETED;Number;SWE in D3 bereits ausgef체llt (>0);0-n;;;;;;;
$O_SESSION_D3_SWE_CHECK;Number;SWE check ob Daten vorhanden (>0) ;0-200;;$C_S125_01_FK_IC + $C_S125_03_FK_IC;plus;;;;
$O_SESSION_D3_SWE_FILL;Number;SWE nicht ausf체llen (2);01. Feb;;;;;;;
$O_SESSION_D3_SWE_COMPLETED;Number;SWE in D3 bereits ausgef체llt (>0);0-n;;Z채hler;plus;;;;
$O_SESSION_D3_FINISH;Number;FAQ der Session D3 anschauen (2);01. Feb;;;;;;;
;;;;;;;;;;
Session D4;;;;;;;;;;
;;;;;;;;;;
$O_SESSION_D4_START;Number;Session D4 starten (1);01. Feb;;;;;;;
$O_SESSION_D4_GORESULTS;Number;Zu den Resultaten der Wirkungsumfrage (2);01. Feb;;;;;;;
$O_SESSION_D4_STARTNEW;Number;Neue Umfrage (1), Session wechseln (2), Zusammenfassung (3);01.02.03;;;;;;;
$O_SESSION_D4_USECASE;Number;Mehr Info zum Nutzen der Umfrage (2);01. Feb;;;;;;;
$O_SESSION_D4_CPOMORE;Number;Mehr Info zum CPO-Modell (2);01. Feb;;;;;;;
$O_SESSION_D4_CPOARTICLE;Number;Artikel zum CPO-Modell (2);01. Feb;;;;;;;
$O_SESSION_D4_PRECONDITION;Number;Voraussetzung f체r Umfrage gegeben (2);01. Feb;;;;;;;
$O_SESSION_D4_PROCEED;Number;Trotz nicht-gegebener Voraussetzungen starten (1);01. Feb;;;;;;;
$O_SESSION_D4_GOCPO;Number;Zur CPO-Zusammenfassung gehen (2);01. Feb;;;;;;;
$O_SESSION_D4_EF_START1;Number;Umfrage-Settings weiter (1);1;;;;;;;
$O_SESSION_D4_EF_START2;Number;Umfrage-Settings doch ausf체llen (2);01. Feb;;;;;;;
$O_SESSION_D4_RETURN_SATIS;Number;Zufrieden mit dem R체cklauf (2);01. Feb;;;;;;;
$O_SESSION_D4_EF_STOP1;Number;Controlling beenden (1);01. Feb;;;;;;;
$O_SESSION_D4_EF_STOP2;Number;Controlling doch beenden (1);01. Feb;;;;;;;
$O_SESSION_D4_RESULTS_GO;Number;Meinung zu den Ergebnissen einholen (2);01. Feb;;;;;;;
$O_SESSION_D4_CPO;Number;CPO-Zusammenfassung anschauen (2);01. Feb;;;;;;;
$O_SESSION_D4_FINISH;Number;FAQ der Session D4 anschauen (2);01. Feb;;;;;;;
;;;;;;;;;;
Session D5;;;;;;;;;;
;;;;;;;;;;
$O_SESSION_D5_START;Number;Session D5 starten (1);01. Feb;;;;;;;
$O_SESSION_D5_HOL1;Number;HOL Fragebogen nicht ausf체llen (2);01. Feb;;;;;;;
$O_SESSION_D5_HOL_CHECK;Number;HOL check ob Daten vorhanden (>1);0-15;;$C_S130_01_FK_IC+$C_S130_03_FK_IC+$C_S130_05_FK_IC;plus;;;;
$O_SESSION_D5_HOL_COMPLETED;Number;HOL in D5 bereits ausgef체llt (>0);1-n;;Z채hler;plus;;;;
$O_SESSION_D5_HOL_REP;Number;HOL nochmals ausf체llen (1);01. Feb;;;;;;;
$O_SESSION_D5_HOL2;Number;HOL doch ausf체llen (2);01. Feb;;;;;;;
$O_SESSION_D5_HOL2;Number;HOL Wertebereich tief (1), mittel (2), hoch (3);01.02.03;;;;;;;
$O_SESSION_D5_HOL_FILLIN2;Number;HOL Fragebogen doch ausf체llen (2);01. Feb;;;;;;;
$O_SESSION_D5_FINISH;Number;FAQ der Session D5 anschauen (2);01. Feb;;;;;;;